<?xml version="1.0" encoding="UTF-8"?>
<!--
rocketurl =  the url to your rocket chat instance
            example:https://myrocket.org/
            or
            https://beta.myrocket.org:8000/

The rocket Zimbra server extension automatically creates
accounts for each Zimbra account in Rocket, to enable account
creation set createRocketAccount = true
           
-->
<zimletConfig name="com_zimbra_rocket" version="1.0">
    <global>
        <property name="rocketurl">https://rocketserverhere.org/</property>
        <property name="createRocketAccount">true</property>
        <property name="tabLabel">Rocket.Chat</property>
    </global>
</zimletConfig>

